1,"[Sponsored]Titleist Pro V1 Golf Balls, White (One Dozen)",https://www.amazon.com/gp/slredirect/picassoRedirect.html/ref=pa_sp_atf_sports-and-fitness_sr_pg1_1,https://www.amazon.com/s/ref=s9n_acss_bw_cg_SHnav_2e1_w?rh=i%3Asports-and-fitness%2Ck%3Asrixon%20golf%20balls,,https://images-na.ssl-images-amazon.com/images/I/51Bg9ZZ56eL.jpg,2019-01-16 12:53:48.153678
2,"[Sponsored]Titleist Pro V1x Golf Balls, White (One Dozen)",https://www.amazon.com/gp/slredirect/picassoRedirect.html/ref=pa_sp_atf_sports-and-fitness_sr_pg1_2,https://www.amazon.com/s/ref=s9n_acss_bw_cg_SHnav_2e1_w?rh=i%3Asports-and-fitness%2Ck%3Asrixon%20golf%20balls,,https://images-na.ssl-images-amazon.com/images/I/51VfS5k6lnL.jpg,2019-01-16 12:53:48.153678
3,Srixon Q Star Tour Golf Balls (One Dozen),https://www.amazon.com/Srixon-Star-Balls-White-Dozen/dp/B01M05B9W0/ref=sr_1_3/131-0103821-4751767rh=s&keywords=s,https://www.amazon.com/s/ref=s9n_acss_bw_cg_SHnav_2e1_w?rh=i%3Asports-and-fitness%2Ck%3Asrixon%20golf%20balls,$2597,https://images-na.ssl-images-amazon.com/images/I/61a7aYTRhDL.jpg,2019-01-16 12:53:48.153678
4,Srixon Z-Star XV Golf Balls (One Dozen),https://www.amazon.com/Srixon-Z-Star-Balls-White-Dozen/dp/B01LZ6387G/ref=sr_1_4/131-0103821-4751767rh=s&keywords=s,https://www.amazon.com/s/ref=s9n_acss_bw_cg_SHnav_2e1_w?rh=i%3Asports-and-fitness%2Ck%3Asrixon%20golf%20balls,$2999,https://images-na.ssl-images-amazon.com/images/I/614yU-CFAKL.jpg,2019-01-16 12:53:48.153678
5,Srixon Men's Soft Feel Golf Ball,https://www.amazon.com/Srixon-Mens-Soft-1-Dozen-White/dp/B008S7BV4G/ref=sr_1_5/131-0103821-4751767rh=s&keywords=s,https://www.amazon.com/s/ref=s9n_acss_bw_cg_SHnav_2e1_w?rh=i%3Asports-and-fitness%2Ck%3Asrixon%20golf%20balls,$1699-$2829,https://images-na.ssl-images-amazon.com/images/I/61Roy2P0wsL.jpg,2019-01-16 12:53:48.153678
6,Srixon Z-Star Golf Balls,https://www.amazon.com/Srixon-2015-Balls-12-Pack-White/dp/B00S7MVZCK/ref=sr_1_6/131-0103821-4751767rh=s&keywords=s,https://www.amazon.com/s/ref=s9n_acss_bw_cg_SHnav_2e1_w?rh=i%3Asports-and-fitness%2Ck%3Asrixon%20golf%20balls,$2999,https://images-na.ssl-images-amazon.com/images/I/610TBaiOk5L.jpg,2019-01-16 12:53:48.153678
7,Srixon Z-Star Golf Balls (One Dozen),https://www.amazon.com/Srixon-Z-Star-Balls-Yellow-Dozen/dp/B01LXVB0P9/ref=sr_1_7/131-0103821-4751767rh=s&keywords=s,https://www.amazon.com/s/ref=s9n_acss_bw_cg_SHnav_2e1_w?rh=i%3Asports-and-fitness%2Ck%3Asrixon%20golf%20balls,$3431,https://images-na.ssl-images-amazon.com/images/I/61EMA0RLocL.jpg,2019-01-16 12:53:48.153678
8,"Srixon Soft Feel Men's Golf Balls, Prior Generation (One Dozen)",https://www.amazon.com/Srixon-Mens-Dozen-Balls-White/dp/B01GPGPTOE/ref=sr_1_8/131-0103821-4751767rh=s&keywords=s,https://www.amazon.com/s/ref=s9n_acss_bw_cg_SHnav_2e1_w?rh=i%3Asports-and-fitness%2Ck%3Asrixon%20golf%20balls,$1699-$4958,https://images-na.ssl-images-amazon.com/images/I/61IsJKQc17L.jpg,2019-01-16 12:53:48.153678
9,Srixon Soft Feel Women's Golf Ball (One Dozen),https://www.amazon.com/Srixon-Womens-Dozen-Balls-white/dp/B01GPGPTOO/ref=sr_1_9/131-0103821-4751767rh=s&keywords=s,https://www.amazon.com/s/ref=s9n_acss_bw_cg_SHnav_2e1_w?rh=i%3Asports-and-fitness%2Ck%3Asrixon%20golf%20balls,$1999,https://images-na.ssl-images-amazon.com/images/I/61lvGn7AQLL.jpg,2019-01-16 12:53:48.153678
10,"SRIXON Distance 24 Pack Golf Balls, White",https://www.amazon.com/Srixon-Distance-Golf-Balls-White/dp/B079VST3B7/ref=sr_1_10/131-0103821-4751767rh=s&keywords=s,https://www.amazon.com/s/ref=s9n_acss_bw_cg_SHnav_2e1_w?rh=i%3Asports-and-fitness%2Ck%3Asrixon%20golf%20balls,$1699-$2898,https://images-na.ssl-images-amazon.com/images/I/51drC3A+opL.jpg,2019-01-16 12:53:48.153678
11,Srixon Z-Star XV 2016 Golf Balls (One Dozen),https://www.amazon.com/Srixon-Z-Star-2016-Balls-Dozen/dp/B00S7MVZAC/ref=sr_1_11/131-0103821-4751767rh=s&keywords=s,https://www.amazon.com/s/ref=s9n_acss_bw_cg_SHnav_2e1_w?rh=i%3Asports-and-fitness%2Ck%3Asrixon%20golf%20balls,$2999,https://images-na.ssl-images-amazon.com/images/I/61bVsFrx8ML.jpg,2019-01-16 12:53:48.153678
12,"Srixon 2015 Q-Star Golf Ball (1 Dozen), Pure White",https://www.amazon.com/Srixon-2015-Q-Star-Dozen-White/dp/B013TTTZC2/ref=sr_1_12/131-0103821-4751767rh=s&keywords=s,https://www.amazon.com/s/ref=s9n_acss_bw_cg_SHnav_2e1_w?rh=i%3Asports-and-fitness%2Ck%3Asrixon%20golf%20balls,,https://images-na.ssl-images-amazon.com/images/I/61HjYazLTuL.jpg,2019-01-16 12:53:48.153678
13,Srixon Q-Star Tour Golf Balls- Double Dozen,https://www.amazon.com/Srixon-Q-Star-Balls-Double-Dozen/dp/B072VSDVGQ/ref=sr_1_13/131-0103821-4751767rh=s&keywords=s,https://www.amazon.com/s/ref=s9n_acss_bw_cg_SHnav_2e1_w?rh=i%3Asports-and-fitness%2Ck%3Asrixon%20golf%20balls,,https://images-na.ssl-images-amazon.com/images/I/519WFoD9LwL.jpg,2019-01-16 12:53:48.153678
14,Srixon Distance Golf Balls- Double Dozen,https://www.amazon.com/Srixon-Distance-Balls-Double-Dozen/dp/B072VTDRNP/ref=sr_1_14/131-0103821-4751767rh=s&keywords=s,https://www.amazon.com/s/ref=s9n_acss_bw_cg_SHnav_2e1_w?rh=i%3Asports-and-fitness%2Ck%3Asrixon%20golf%20balls,,https://images-na.ssl-images-amazon.com/images/I/51hrJ7NSLtL.jpg,2019-01-16 12:53:48.153678
15,[Sponsored]Taylormade TP5 Golf Balls (One Dozen),https://www.amazon.com/gp/slredirect/picassoRedirect.html/ref=pa_sp_mtf_sports-and-fitness_sr_pg1_1,https://www.amazon.com/s/ref=s9n_acss_bw_cg_SHnav_2e1_w?rh=i%3Asports-and-fitness%2Ck%3Asrixon%20golf%20balls,$3499,https://images-na.ssl-images-amazon.com/images/I/41-3dPKrA7L.jpg,2019-01-16 12:53:48.153678
16,[Sponsored]Srixon Soft Feel Double Dozen Golf Balls,https://www.amazon.com/gp/slredirect/picassoRedirect.html/ref=pa_sp_mtf_sports-and-fitness_sr_pg1_2,https://www.amazon.com/s/ref=s9n_acss_bw_cg_SHnav_2e1_w?rh=i%3Asports-and-fitness%2Ck%3Asrixon%20golf%20balls,,https://images-na.ssl-images-amazon.com/images/I/51kmJPuHYHL.jpg,2019-01-16 12:53:48.153678
17,Srixon Soft Feel Double Dozen Golf Balls,https://www.amazon.com/Srixon-Soft-Double-Dozen-Balls/dp/B07H33D6YW/ref=sr_1_17/131-0103821-4751767rh=s&keywords=s,https://www.amazon.com/s/ref=s9n_acss_bw_cg_SHnav_2e1_w?rh=i%3Asports-and-fitness%2Ck%3Asrixon%20golf%20balls,,https://images-na.ssl-images-amazon.com/images/I/51kmJPuHYHL.jpg,2019-01-16 12:53:48.153678
18,Srixon Recycled Golf Balls Mix (Pack of 50),https://www.amazon.com/Srixon-Recycled-Golf-Balls-Pack/dp/B0721GZVN1/ref=sr_1_18/131-0103821-4751767rh=s&keywords=s,https://www.amazon.com/s/ref=s9n_acss_bw_cg_SHnav_2e1_w?rh=i%3Asports-and-fitness%2Ck%3Asrixon%20golf%20balls,$1888,https://images-na.ssl-images-amazon.com/images/I/416QOTqtnTL.jpg,2019-01-16 12:53:48.153678
19,Srixon AD333 Golf Balls (12-Pack),https://www.amazon.com/Srixon-AD333-Golf-Balls-12-Pack/dp/B002N4YIQS/ref=sr_1_19/131-0103821-4751767rh=s&keywords=s,https://www.amazon.com/s/ref=s9n_acss_bw_cg_SHnav_2e1_w?rh=i%3Asports-and-fitness%2Ck%3Asrixon%20golf%20balls,$1867,https://images-na.ssl-images-amazon.com/images/I/51DKMXlSPbL.jpg,2019-01-16 12:53:48.153678
20,Callaway Supersoft Golf Balls (One Dozen),https://www.amazon.com/Callaway-Supersoft-Balls-Dozen-White/dp/B01MZ0POPN/ref=sr_1_20/131-0103821-4751767rh=s&keywords=s,https://www.amazon.com/s/ref=s9n_acss_bw_cg_SHnav_2e1_w?rh=i%3Asports-and-fitness%2Ck%3Asrixon%20golf%20balls,$1999,https://images-na.ssl-images-amazon.com/images/I/51gx+kVMpsL.jpg,2019-01-16 12:53:48.153678
21,"Titleist Pro V1x Golf Balls, White (One Dozen)",https://www.amazon.com/Titleist-Balls-White-Numbers-Dozen/dp/B01N7W7MC1/ref=sr_1_21/131-0103821-4751767rh=s&keywords=s,https://www.amazon.com/s/ref=s9n_acss_bw_cg_SHnav_2e1_w?rh=i%3Asports-and-fitness%2Ck%3Asrixon%20golf%20balls,$3999-$5799,https://images-na.ssl-images-amazon.com/images/I/51gfVR9FQoL.jpg,2019-01-16 12:53:48.153678
22,Srixon Soft Feel Golf Balls (One Dozen),https://www.amazon.com/Srixon-Soft-Balls-White-Dozen/dp/B07DWGWPGQ/ref=sr_1_22/131-0103821-4751767rh=s&keywords=s,https://www.amazon.com/s/ref=s9n_acss_bw_cg_SHnav_2e1_w?rh=i%3Asports-and-fitness%2Ck%3Asrixon%20golf%20balls,$1997-$5997,https://images-na.ssl-images-amazon.com/images/I/61eRr6a2ztL.jpg,2019-01-16 12:53:48.153678
23,Srixon Soft Feel Yellow Double Dozen Golf Balls,https://www.amazon.com/Srixon-Yellow-Double-Dozen-Balls/dp/B07H33LDYX/ref=sr_1_23/131-0103821-4751767rh=s&keywords=s,https://www.amazon.com/s/ref=s9n_acss_bw_cg_SHnav_2e1_w?rh=i%3Asports-and-fitness%2Ck%3Asrixon%20golf%20balls,,https://images-na.ssl-images-amazon.com/images/I/51g1+UoYaoL.jpg,2019-01-16 12:53:48.153678
24,Srixon Q-Star Golf Balls (1-Dozen),https://www.amazon.com/Srixon-Q-Star-Balls-1-Dozen-White/dp/B00B1MZ22C/ref=sr_1_24/131-0103821-4751767rh=s&keywords=s,https://www.amazon.com/s/ref=s9n_acss_bw_cg_SHnav_2e1_w?rh=i%3Asports-and-fitness%2Ck%3Asrixon%20golf%20balls,$1999-$2899,https://images-na.ssl-images-amazon.com/images/I/51QnIza9rTL.jpg,2019-01-16 12:53:48.153678
25,Srixon Yellow Premium Golf Balls (50 Pack),https://www.amazon.com/Srixon-Yellow-Premium-Golf-Balls/dp/B073WTF46L/ref=sr_1_25/131-0103821-4751767rh=s&keywords=s,https://www.amazon.com/s/ref=s9n_acss_bw_cg_SHnav_2e1_w?rh=i%3Asports-and-fitness%2Ck%3Asrixon%20golf%20balls,$2499,https://images-na.ssl-images-amazon.com/images/I/41W1B8uQo+L.jpg,2019-01-16 12:53:48.153678
26,Srixon Q-Star Super Sleeve 24 Ball Pack,https://www.amazon.com/Srixon-Q-Star-Supersleeve-Ball-24/dp/B07CT9XH89/ref=sr_1_26/131-0103821-4751767rh=s&keywords=s,https://www.amazon.com/s/ref=s9n_acss_bw_cg_SHnav_2e1_w?rh=i%3Asports-and-fitness%2Ck%3Asrixon%20golf%20balls,$3391,https://images-na.ssl-images-amazon.com/images/I/51KAHRuapVL.jpg,2019-01-16 12:53:48.153678
27,"Titleist Pro V1 Golf Balls, White (One Dozen)",https://www.amazon.com/Titleist-Golf-Balls-Numbers-Dozen/dp/B0716DTRLX/ref=sr_1_27/131-0103821-4751767rh=s&keywords=s,https://www.amazon.com/s/ref=s9n_acss_bw_cg_SHnav_2e1_w?rh=i%3Asports-and-fitness%2Ck%3Asrixon%20golf%20balls,$3999-$5799,https://images-na.ssl-images-amazon.com/images/I/51IZ-EaHxTL.jpg,2019-01-16 12:53:48.153678
28,Srixon Q-Star Tour Yellow Golf Balls - Double Dozen,https://www.amazon.com/Srixon-Q-Star-Tour-Yellow-Balls/dp/B07H33Y7B6/ref=sr_1_28/131-0103821-4751767rh=s&keywords=s,https://www.amazon.com/s/ref=s9n_acss_bw_cg_SHnav_2e1_w?rh=i%3Asports-and-fitness%2Ck%3Asrixon%20golf%20balls,,https://images-na.ssl-images-amazon.com/images/I/41jrALSAWKL.jpg,2019-01-16 12:53:48.153678
29,[Sponsored]Srixon Distance Personalized Golf Balls,https://www.amazon.com/gp/slredirect/picassoRedirect.html/ref=pa_sp_btf_sports-and-fitness_sr_pg1_2,https://www.amazon.com/s/ref=s9n_acss_bw_cg_SHnav_2e1_w?rh=i%3Asports-and-fitness%2Ck%3Asrixon%20golf%20balls,,https://images-na.ssl-images-amazon.com/images/I/51xUHcM6DyL.jpg,2019-01-16 12:53:48.153678
30,[Sponsored]Srixon Distance Golf Balls- Double Dozen,https://www.amazon.com/gp/slredirect/picassoRedirect.html/ref=pa_sp_btf_sports-and-fitness_sr_pg1_1,https://www.amazon.com/s/ref=s9n_acss_bw_cg_SHnav_2e1_w?rh=i%3Asports-and-fitness%2Ck%3Asrixon%20golf%20balls,,https://images-na.ssl-images-amazon.com/images/I/51hrJ7NSLtL.jpg,2019-01-16 12:53:48.153678
31,New Era NFL 2018 On Field Sideline Sport Knit,https://www.amazon.com/New-England-Patriots-Field-Sport/dp/B07G4DZN1M/ref=lp_374273011_1_1/138-1973947-1995330,https://www.amazon.com/b/ref=s9_acss_bw_cg_vinyl_1a1_w/ref=s9n_acss_bw_cg_sphlinav_2a1_w?node=374273011,$1490-$6899,https://images-na.ssl-images-amazon.com/images/I/51HXJkRzahL.jpg,2019-01-16 12:53:48.153678
32,"Sharpty Inverted Umbrella, Umbrella Windproof, Reverse Umbrella, Umbrellas for Women with UV Protection, Upside Down Umbrella with C-Shaped Handle",https://www.amazon.com/Sharpty-Windproof-Umbrellas-Protection-Black-Green/dp/B071SCWQW1/ref=lp_374273011_1_2/138-1973947-1995330,https://www.amazon.com/b/ref=s9_acss_bw_cg_vinyl_1a1_w/ref=s9n_acss_bw_cg_sphlinav_2a1_w?node=374273011,$1399-$2399,https://images-na.ssl-images-amazon.com/images/I/51aSdyQkVML.jpg,2019-01-16 12:53:48.153678
33,"Thermos Funtainer 10 Ounce Food Jar, Blue",https://www.amazon.com/Thermos-Funtainer-Ounce-Food-Blue/dp/B00CBFAE6W/ref=lp_374273011_1_3/138-1973947-1995330,https://www.amazon.com/b/ref=s9_acss_bw_cg_vinyl_1a1_w/ref=s9n_acss_bw_cg_sphlinav_2a1_w?node=374273011,$1332,https://images-na.ssl-images-amazon.com/images/I/41tG-r6+FTL.jpg,2019-01-16 12:53:48.153678
34,The Northwest Company NFL Marque Printed Fleece Throw,https://www.amazon.com/Northwest-Company-1NFL-03102-0007/dp/B00CF5T3QU/ref=lp_374273011_1_4/138-1973947-1995330,https://www.amazon.com/b/ref=s9_acss_bw_cg_vinyl_1a1_w/ref=s9n_acss_bw_cg_sphlinav_2a1_w?node=374273011,$1249-$4199,https://images-na.ssl-images-amazon.com/images/I/515ShnTxaRL.jpg,2019-01-16 12:53:48.153678
35,"Thermos Stainless King 24 Ounce Food Jar, Midnight Blue",https://www.amazon.com/Thermos-Stainless-King-Ounce-Midnight/dp/B008JC76XA/ref=lp_374273011_1_5/138-1973947-1995330,https://www.amazon.com/b/ref=s9_acss_bw_cg_vinyl_1a1_w/ref=s9n_acss_bw_cg_sphlinav_2a1_w?node=374273011,$2102,https://images-na.ssl-images-amazon.com/images/I/41lZMt1gboL.jpg,2019-01-16 12:53:48.153678
36,OTS NFL Adult Men's NFL Raised Cuff Knit Cap,https://www.amazon.com/OTS-NFL-Raised-Cuff-Knit/dp/B0716KHSCZ/ref=lp_374273011_1_6/138-1973947-1995330,https://www.amazon.com/b/ref=s9_acss_bw_cg_vinyl_1a1_w/ref=s9n_acss_bw_cg_sphlinav_2a1_w?node=374273011,$804-$2999,https://images-na.ssl-images-amazon.com/images/I/41pl5fveT+L.jpg,2019-01-16 12:53:48.153678
37,OTS NFL Adult Men's Rival Tee,https://www.amazon.com/OTS-Kansas-Chiefs-Rival-X-Large/dp/B07BS3R4R5/ref=lp_374273011_1_7/138-1973947-1995330,https://www.amazon.com/b/ref=s9_acss_bw_cg_vinyl_1a1_w/ref=s9n_acss_bw_cg_sphlinav_2a1_w?node=374273011,$672-$2800,https://images-na.ssl-images-amazon.com/images/I/41oPz9wcvQL.jpg,2019-01-16 12:53:48.153678
38,"Clear Bag NFL & PGA Stadium Approved - The Clear Tote Bag with Zipper Closure is Perfect for Work, Sports Games.Cross-Body Messenger Shoulder Bag w Adjustable Strap -12” X 12“ X 6”",https://www.amazon.com/Cross-Body-Messenger-Shoulder-Zippered-Adjustable/dp/B0776V72X5/ref=lp_374273011_1_8/138-1973947-1995330,https://www.amazon.com/b/ref=s9_acss_bw_cg_vinyl_1a1_w/ref=s9n_acss_bw_cg_sphlinav_2a1_w?node=374273011,$799-$1499,https://images-na.ssl-images-amazon.com/images/I/41PB-dvreBL.jpg,2019-01-16 12:53:48.153678
39,OTS NFL Adult Men's NFL Challenger Adjustable Hat,https://www.amazon.com/NFL-Kansas-OTS-Challenger-Adjustable/dp/B07194WD4L/ref=lp_374273011_1_9/138-1973947-1995330,https://www.amazon.com/b/ref=s9_acss_bw_cg_vinyl_1a1_w/ref=s9n_acss_bw_cg_sphlinav_2a1_w?node=374273011,$781-$2400,https://images-na.ssl-images-amazon.com/images/I/51dEUsKcEVL.jpg,2019-01-16 12:53:48.153678
40,Wilson NFL Super Grip Football,https://www.amazon.com/Wilson-Super-Grip-Official-Football/dp/B0012SNLJG/ref=lp_374273011_1_10/138-1973947-1995330,https://www.amazon.com/b/ref=s9_acss_bw_cg_vinyl_1a1_w/ref=s9n_acss_bw_cg_sphlinav_2a1_w?node=374273011,$1500-$4041,https://images-na.ssl-images-amazon.com/images/I/51iBBIctybL.jpg,2019-01-16 12:53:48.153678
41,OTS NFL Adult Men's NFL All-Star Adjustable Hat,https://www.amazon.com/NFL-Kansas-OTS-All-Star-Adjustable/dp/B071L2GKNJ/ref=lp_374273011_1_11/138-1973947-1995330,https://www.amazon.com/b/ref=s9_acss_bw_cg_vinyl_1a1_w/ref=s9n_acss_bw_cg_sphlinav_2a1_w?node=374273011,$807-$2400,https://images-na.ssl-images-amazon.com/images/I/41t+iOmqT5L.jpg,2019-01-16 12:53:48.153678
42,Franklin Sports NFL Team Licensed Youth Football Receiver Gloves (Pair),https://www.amazon.com/Angeles-Chargers-Receiver-Gloves-Medium/dp/B074QSSXN6/ref=lp_374273011_1_12/138-1973947-1995330,https://www.amazon.com/b/ref=s9_acss_bw_cg_vinyl_1a1_w/ref=s9n_acss_bw_cg_sphlinav_2a1_w?node=374273011,$1499-$5423,https://images-na.ssl-images-amazon.com/images/I/51aONJNsb+L.jpg,2019-01-16 12:53:48.153678
43,"NIKE Men's Tanjun Sneakers, Breathable Textile Uppers and Comfortable Lightweight Cushioning",https://www.amazon.com/NIKE-Tanjun-Racer-Mens-Style/dp/B008KKGYDO/ref=lp_374273011_1_13/138-1973947-1995330,https://www.amazon.com/b/ref=s9_acss_bw_cg_vinyl_1a1_w/ref=s9n_acss_bw_cg_sphlinav_2a1_w?node=374273011,$3692-$14997,https://images-na.ssl-images-amazon.com/images/I/41FAQah3fsL.jpg,2019-01-16 12:53:48.153678
44,"Clear Tote Bag NFL Stadium Approved - Shoulder Straps and Zippered Top. Perfect Clear Bag for Work, School, Sports Games and Concerts. Meets NFL and PGA Tournament Guidelines. (12 x 12 x 6 Inches)",https://www.amazon.com/Clear-Tote-Bag-Stadium-Approved/dp/B07BLJL9P1/ref=lp_374273011_1_14/138-1973947-1995330,https://www.amazon.com/b/ref=s9_acss_bw_cg_vinyl_1a1_w/ref=s9n_acss_bw_cg_sphlinav_2a1_w?node=374273011,$599-$1099,https://images-na.ssl-images-amazon.com/images/I/5155w4BN2tL.jpg,2019-01-16 12:53:48.153678
45,OTS NFL Adult Men's Rival Long Sleeve Tee,https://www.amazon.com/NFL-England-Patriots-Rival-Tee/dp/B073X34RYL/ref=lp_374273011_1_15/138-1973947-1995330,https://www.amazon.com/b/ref=s9_acss_bw_cg_vinyl_1a1_w/ref=s9n_acss_bw_cg_sphlinav_2a1_w?node=374273011,$1280-$3000,https://images-na.ssl-images-amazon.com/images/I/41sk7cbzdLL.jpg,2019-01-16 12:53:48.153678
46,"NFL Team Decal, 3-Pack",https://www.amazon.com/Philadelphia-Eagles-Team-Decal-3-Pack/dp/B011TQXQGI/ref=lp_374273011_1_16/138-1973947-1995330,https://www.amazon.com/b/ref=s9_acss_bw_cg_vinyl_1a1_w/ref=s9n_acss_bw_cg_sphlinav_2a1_w?node=374273011,$099-$2831,https://images-na.ssl-images-amazon.com/images/I/51EGtgx-HrL.jpg,2019-01-16 12:53:48.153678
47,"Thermos Stainless King 40 Ounce Beverage Bottle, Stainless Steel",https://www.amazon.com/Thermos-Stainless-Ounce-Beverage-Bottle/dp/B01DZQT3IU/ref=lp_374273011_1_17/138-1973947-1995330,https://www.amazon.com/b/ref=s9_acss_bw_cg_vinyl_1a1_w/ref=s9n_acss_bw_cg_sphlinav_2a1_w?node=374273011,$2299,https://images-na.ssl-images-amazon.com/images/I/31yyOeQ-XtL.jpg,2019-01-16 12:53:48.153678
48,"The Northwest Company Officially Licensed NFL 12th Man Plush Raschel Throw Blanket, 60"" x 80""",https://www.amazon.com/Northwest-Company-Officially-Licensed-Patriots/dp/B00KW4VXQO/ref=lp_374273011_1_18/138-1973947-1995330,https://www.amazon.com/b/ref=s9_acss_bw_cg_vinyl_1a1_w/ref=s9n_acss_bw_cg_sphlinav_2a1_w?node=374273011,$3313-$5995,https://images-na.ssl-images-amazon.com/images/I/41L3IIxOT2L.jpg,2019-01-16 12:53:48.153678
49,"The Northwest Company Officially Licensed NFL Singular Fleece Throw Blanket, 50"" x 60""",https://www.amazon.com/Northwest-Company-Seattle-Seahawks-Singular/dp/B01H42N1NO/ref=lp_374273011_1_19/138-1973947-1995330,https://www.amazon.com/b/ref=s9_acss_bw_cg_vinyl_1a1_w/ref=s9n_acss_bw_cg_sphlinav_2a1_w?node=374273011,$1288-$3599,https://images-na.ssl-images-amazon.com/images/I/51WwJS46RXL.jpg,2019-01-16 12:53:48.153678
50,Littlearth NFL Team Dog Bandana,https://www.amazon.com/Kansas-City-Chiefs-Bandanna-Medium/dp/B01IBU7OUY/ref=lp_374273011_1_20/138-1973947-1995330,https://www.amazon.com/b/ref=s9_acss_bw_cg_vinyl_1a1_w/ref=s9n_acss_bw_cg_sphlinav_2a1_w?node=374273011,$189-$1999,https://images-na.ssl-images-amazon.com/images/I/41SxYDVk4wL.jpg,2019-01-16 12:53:48.153678
51,NFL Men's OTS Slogan Fleece Hoodie Distressed,https://www.amazon.com/OTS-NFL-Fleece-Hoodie-Distressed/dp/B073X384DD/ref=lp_374273011_1_21/138-1973947-1995330,https://www.amazon.com/b/ref=s9_acss_bw_cg_vinyl_1a1_w/ref=s9n_acss_bw_cg_sphlinav_2a1_w?node=374273011,$2499-$5000,https://images-na.ssl-images-amazon.com/images/I/41KPAeW+nuL.jpg,2019-01-16 12:53:48.153678
52,NFL Los Angeles Rams Bling Chrome License Plate Frame with Glitter Accent,https://www.amazon.com/Dallas-Cowboys-Chrome-License-Glitter/dp/B00J10ROI6/ref=lp_374273011_1_22/138-1973947-1995330,https://www.amazon.com/b/ref=s9_acss_bw_cg_vinyl_1a1_w/ref=s9n_acss_bw_cg_sphlinav_2a1_w?node=374273011,$1051-$2727,https://images-na.ssl-images-amazon.com/images/I/41fgCZaC-tL.jpg,2019-01-16 12:53:48.153678
53,Franklin Sports NFL Deluxe Youth Uniform Set,https://www.amazon.com/Franklin-Sports-England-Patriots-Uniform/dp/B003L9GRQ8/ref=lp_374273011_1_23/138-1973947-1995330,https://www.amazon.com/b/ref=s9_acss_bw_cg_vinyl_1a1_w/ref=s9n_acss_bw_cg_sphlinav_2a1_w?node=374273011,$2346-$10467,https://images-na.ssl-images-amazon.com/images/I/51a0Wb1qzFL.jpg,2019-01-16 12:53:48.153678
54,OTS NFL Adult Men's NFL Wilder Center Stretch Fit Hat,https://www.amazon.com/OTS-NFL-Patriots-Wilder-Center/dp/B07194MF4W/ref=lp_374273011_1_24/138-1973947-1995330,https://www.amazon.com/b/ref=s9_acss_bw_cg_vinyl_1a1_w/ref=s9n_acss_bw_cg_sphlinav_2a1_w?node=374273011,$1652-$2800,https://images-na.ssl-images-amazon.com/images/I/414fF8V2bNL.jpg,2019-01-16 12:53:48.153678
55,Bowflex SelectTech 552 Adjustable Dumbbells (Pair),https://www.amazon.com/Bowflex-SelectTech-Adjustable-Dumbbells-Pair/dp/B001ARYU58/ref=lp_6359781011_1_1/143-3373296-2494648,https://www.amazon.com/Functional-Fitness/b/ref=amb_link_42/145-5698780-8584830?node=6359781011,$22900-$36800,https://images-na.ssl-images-amazon.com/images/I/51+KUnvA5qL.jpg,2019-01-16 12:53:48.153678
56,AmazonBasics Medicine Ball,https://www.amazon.com/AmazonBasics-IB1023-Medicine-Ball-10-Pounds/dp/B00R3N0BDS/ref=lp_6359781011_1_2/143-3373296-2494648,https://www.amazon.com/Functional-Fitness/b/ref=amb_link_42/145-5698780-8584830?node=6359781011,$2198-$4484,https://images-na.ssl-images-amazon.com/images/I/61mW1yVLlgL.jpg,2019-01-16 12:53:48.153678
57,Saco Band Silicone Rings Men - 7 Pack / 1 Ring Rubber Wedding Bands,https://www.amazon.com/Saco-Band-Silicone-Rings-Men/dp/B072B8X3LH/ref=lp_6359781011_1_3/143-3373296-2494648,https://www.amazon.com/Functional-Fitness/b/ref=amb_link_42/145-5698780-8584830?node=6359781011,$495-$1295,https://images-na.ssl-images-amazon.com/images/I/51qUcYb3pvL.jpg,2019-01-16 12:53:48.153678
58,"Gaiam Classic Balance Ball Chair – Exercise Stability Yoga Ball Premium Ergonomic Chair for Home and Office Desk with Air Pump, Exercise Guide and Satisfaction Guarantee",https://www.amazon.com/Gaiam-Classic-Balance-Ball-Chair/dp/B006FFR3FO/ref=lp_6359781011_1_4/143-3373296-2494648,https://www.amazon.com/Functional-Fitness/b/ref=amb_link_42/145-5698780-8584830?node=6359781011,$5863-$12210,https://images-na.ssl-images-amazon.com/images/I/41Hmz2kf-WL.jpg,2019-01-16 12:53:48.153678
59,AmazonBasics Neoprene Dumbbells,https://www.amazon.com/AmazonBasics-Neoprene-Dumbbells-20-Pound-Light/dp/B01LR5SIRI/ref=lp_6359781011_1_5/143-3373296-2494648,https://www.amazon.com/Functional-Fitness/b/ref=amb_link_42/145-5698780-8584830?node=6359781011,$849-$5199,https://images-na.ssl-images-amazon.com/images/I/41sz6kKGFwL.jpg,2019-01-16 12:53:48.153678
60,"We Sell Mats 3/8"" Thick Interlocking Foam Floor Mats",https://www.amazon.com/Sell-Mats-24BK1-10M-Interlocking-Anti-Fatigue/dp/B001E4XL3E/ref=lp_6359781011_1_6/143-3373296-2494648,https://www.amazon.com/Functional-Fitness/b/ref=amb_link_42/145-5698780-8584830?node=6359781011,$1995-$33890,https://images-na.ssl-images-amazon.com/images/I/41Pz-ZjBMOL.jpg,2019-01-16 12:53:48.153678
61,"Angeles Rest Angeles Germ-Free 2"" Mat",https://www.amazon.com/Angeles-Rest-Germ-Free-2-Mat/dp/B00DUCS9RG/ref=lp_6359781011_1_7/143-3373296-2494648,https://www.amazon.com/Functional-Fitness/b/ref=amb_link_42/145-5698780-8584830?node=6359781011,$2971,https://images-na.ssl-images-amazon.com/images/I/41VrZ3FCTXL.jpg,2019-01-16 12:53:48.153678
62,Harbinger Red Line Wrist Wraps,https://www.amazon.com/Harbinger-Red-Line-Wrist-Wraps/dp/B009N05RMO/ref=lp_6359781011_1_8/143-3373296-2494648,https://www.amazon.com/Functional-Fitness/b/ref=amb_link_42/145-5698780-8584830?node=6359781011,$1349-$1625,https://images-na.ssl-images-amazon.com/images/I/51zC70TDRpL.jpg,2019-01-16 12:53:48.153678
63,"Laughter the Best Medicine: A Laugh-Out-Loud Collection of our Funniest Jokes, Quotes, Stories & Cartoons(Reader's Digest)",https://www.amazon.com/Laughter-Best-Medicine-Laugh-Out-Loud-Collection/dp/0895779773/ref=lp_6359781011_1_9/143-3373296-2494648,https://www.amazon.com/Functional-Fitness/b/ref=amb_link_42/145-5698780-8584830?node=6359781011,$995,https://images-na.ssl-images-amazon.com/images/I/51qdqlj8syL.jpg,2019-01-16 12:53:48.153678
64,Iron Core Kettlebell,https://www.amazon.com/Iron-Core-Kettlebell-Sarah-Lurie/dp/B005FRWTSO/ref=lp_6359781011_1_10/143-3373296-2494648,https://www.amazon.com/Functional-Fitness/b/ref=amb_link_42/145-5698780-8584830?node=6359781011,$864,https://images-na.ssl-images-amazon.com/images/I/414ROZIMQ1L.jpg,2019-01-16 12:53:48.153678
65,SuperMats SuperLock Heavy Duty Weightlifting Mat,https://www.amazon.com/Supermats-SuperLock-Heavy-Weightlifting-Piece/dp/B001KP018K/ref=lp_6359781011_1_11/143-3373296-2494648,https://www.amazon.com/Functional-Fitness/b/ref=amb_link_42/145-5698780-8584830?node=6359781011,$6386-$9676,https://images-na.ssl-images-amazon.com/images/I/41QQcAQFgLL.jpg,2019-01-16 12:53:48.153678
66,"TriggerPoint GRID Foam Roller with Free Online Instructional Videos, 2.0 (26-inch)",https://www.amazon.com/TriggerPoint-Roller-Online-Instructional-26-inch/dp/B006GUCAFG/ref=lp_6359781011_1_12/143-3373296-2494648,https://www.amazon.com/Functional-Fitness/b/ref=amb_link_42/145-5698780-8584830?node=6359781011,$4499-$6499,https://images-na.ssl-images-amazon.com/images/I/41wpRPcbfxL.jpg,2019-01-16 12:53:48.153678
67,"TheraBand Hand Exerciser, Stress Ball to Increase Hand Flexibility & Relieve Joint Pain",https://www.amazon.com/TheraBand-Exerciser-Strengthening-Increase-Flexibility/dp/B07HFGX2GW/ref=lp_6359781011_1_13/143-3373296-2494648,https://www.amazon.com/Functional-Fitness/b/ref=amb_link_42/145-5698780-8584830?node=6359781011,$924-$2649,https://images-na.ssl-images-amazon.com/images/I/41o5Ag-M0oL.jpg,2019-01-16 12:53:48.153678
68,iMakCC Women Sexy Letter Print Vest Short Tank Crop Top Slim Fit Blouse Shirt,https://www.amazon.com/iMakCC-Women-Letter-Print-Blouse/dp/B07D72ZBKL/ref=lp_6359781011_1_14/143-3373296-2494648,https://www.amazon.com/Functional-Fitness/b/ref=amb_link_42/145-5698780-8584830?node=6359781011,$221,https://images-na.ssl-images-amazon.com/images/I/51PdM5MiJoL.jpg,2019-01-16 12:53:48.153678
69,"Silicone Wedding Ring Band for Men Women - Enhanced Comfort, Superior Non Bulky Rubber Rings - Flexible No Metal, Safe for Firefighter, Athletic Husband Wife, Sports - Designer Style, Premium Quality",https://www.amazon.com/Knot-Theory-Silicone-Wedding-Black/dp/B00UA8EMKG/ref=lp_6359781011_1_15/143-3373296-2494648,https://www.amazon.com/Functional-Fitness/b/ref=amb_link_42/145-5698780-8584830?node=6359781011,$1199-$2499,https://images-na.ssl-images-amazon.com/images/I/41DlMvoD0QL.jpg,2019-01-16 12:53:48.153678
70,"Yes4All Adjustable Dumbbells 40, 50, 52.5 , 60, 105 to 200 lbs",https://www.amazon.com/Yes4All-Adjustable-Dumbbells-52-5-105/dp/B01D487TDA/ref=lp_6359781011_1_16/143-3373296-2494648,https://www.amazon.com/Functional-Fitness/b/ref=amb_link_42/145-5698780-8584830?node=6359781011,$4699-$19699,https://images-na.ssl-images-amazon.com/images/I/51Cr7WsiDJL.jpg,2019-01-16 12:53:48.153678
71,New Era NFL 2018 On Field Sideline Sport Knit,https://www.amazon.com/New-England-Patriots-Field-Sport/dp/B07G4DZN1M/ref=lp_374273011_1_1/143-8256642-4148331,https://www.amazon.com/NFL-Football-Fans/b/ref=amb_link_2/143-8256642-4148331?node=374273011,$1490-$6899,https://images-na.ssl-images-amazon.com/images/I/51HXJkRzahL.jpg,2019-01-16 12:53:48.153678
72,"Sharpty Inverted Umbrella, Umbrella Windproof, Reverse Umbrella, Umbrellas for Women with UV Protection, Upside Down Umbrella with C-Shaped Handle",https://www.amazon.com/Sharpty-Windproof-Umbrellas-Protection-Black-Green/dp/B071SCWQW1/ref=lp_374273011_1_2/143-8256642-4148331,https://www.amazon.com/NFL-Football-Fans/b/ref=amb_link_2/143-8256642-4148331?node=374273011,$1399-$2399,https://images-na.ssl-images-amazon.com/images/I/51aSdyQkVML.jpg,2019-01-16 12:53:48.153678
73,"Thermos Funtainer 10 Ounce Food Jar, Blue",https://www.amazon.com/Thermos-Funtainer-Ounce-Food-Blue/dp/B00CBFAE6W/ref=lp_374273011_1_3/143-8256642-4148331,https://www.amazon.com/NFL-Football-Fans/b/ref=amb_link_2/143-8256642-4148331?node=374273011,$1332,https://images-na.ssl-images-amazon.com/images/I/41tG-r6+FTL.jpg,2019-01-16 12:53:48.153678
74,The Northwest Company NFL Marque Printed Fleece Throw,https://www.amazon.com/Northwest-Company-1NFL-03102-0007/dp/B00CF5T3QU/ref=lp_374273011_1_4/143-8256642-4148331,https://www.amazon.com/NFL-Football-Fans/b/ref=amb_link_2/143-8256642-4148331?node=374273011,$1249-$4199,https://images-na.ssl-images-amazon.com/images/I/515ShnTxaRL.jpg,2019-01-16 12:53:48.153678
75,"Thermos Stainless King 24 Ounce Food Jar, Midnight Blue",https://www.amazon.com/Thermos-Stainless-King-Ounce-Midnight/dp/B008JC76XA/ref=lp_374273011_1_5/143-8256642-4148331,https://www.amazon.com/NFL-Football-Fans/b/ref=amb_link_2/143-8256642-4148331?node=374273011,$2102,https://images-na.ssl-images-amazon.com/images/I/41lZMt1gboL.jpg,2019-01-16 12:53:48.153678
76,OTS NFL Adult Men's NFL Raised Cuff Knit Cap,https://www.amazon.com/OTS-NFL-Raised-Cuff-Knit/dp/B0716KHSCZ/ref=lp_374273011_1_6/143-8256642-4148331,https://www.amazon.com/NFL-Football-Fans/b/ref=amb_link_2/143-8256642-4148331?node=374273011,$804-$2999,https://images-na.ssl-images-amazon.com/images/I/41pl5fveT+L.jpg,2019-01-16 12:53:48.153678
77,OTS NFL Adult Men's Rival Tee,https://www.amazon.com/OTS-Kansas-Chiefs-Rival-X-Large/dp/B07BS3R4R5/ref=lp_374273011_1_7/143-8256642-4148331,https://www.amazon.com/NFL-Football-Fans/b/ref=amb_link_2/143-8256642-4148331?node=374273011,$672-$2800,https://images-na.ssl-images-amazon.com/images/I/41oPz9wcvQL.jpg,2019-01-16 12:53:48.153678
78,"Clear Bag NFL & PGA Stadium Approved - The Clear Tote Bag with Zipper Closure is Perfect for Work, Sports Games.Cross-Body Messenger Shoulder Bag w Adjustable Strap -12” X 12“ X 6”",https://www.amazon.com/Cross-Body-Messenger-Shoulder-Zippered-Adjustable/dp/B0776V72X5/ref=lp_374273011_1_8/143-8256642-4148331,https://www.amazon.com/NFL-Football-Fans/b/ref=amb_link_2/143-8256642-4148331?node=374273011,$799-$1499,https://images-na.ssl-images-amazon.com/images/I/41PB-dvreBL.jpg,2019-01-16 12:53:48.153678
79,OTS NFL Adult Men's NFL Challenger Adjustable Hat,https://www.amazon.com/NFL-Kansas-OTS-Challenger-Adjustable/dp/B07194WD4L/ref=lp_374273011_1_9/143-8256642-4148331,https://www.amazon.com/NFL-Football-Fans/b/ref=amb_link_2/143-8256642-4148331?node=374273011,$781-$2400,https://images-na.ssl-images-amazon.com/images/I/51dEUsKcEVL.jpg,2019-01-16 12:53:48.153678
80,Wilson NFL Super Grip Football,https://www.amazon.com/Wilson-Super-Grip-Official-Football/dp/B0012SNLJG/ref=lp_374273011_1_10/143-8256642-4148331,https://www.amazon.com/NFL-Football-Fans/b/ref=amb_link_2/143-8256642-4148331?node=374273011,$1500-$4041,https://images-na.ssl-images-amazon.com/images/I/51iBBIctybL.jpg,2019-01-16 12:53:48.153678
81,OTS NFL Adult Men's NFL All-Star Adjustable Hat,https://www.amazon.com/NFL-Kansas-OTS-All-Star-Adjustable/dp/B071L2GKNJ/ref=lp_374273011_1_11/143-8256642-4148331,https://www.amazon.com/NFL-Football-Fans/b/ref=amb_link_2/143-8256642-4148331?node=374273011,$807-$2400,https://images-na.ssl-images-amazon.com/images/I/41t+iOmqT5L.jpg,2019-01-16 12:53:48.153678
82,Franklin Sports NFL Team Licensed Youth Football Receiver Gloves (Pair),https://www.amazon.com/Angeles-Chargers-Receiver-Gloves-Medium/dp/B074QSSXN6/ref=lp_374273011_1_12/143-8256642-4148331,https://www.amazon.com/NFL-Football-Fans/b/ref=amb_link_2/143-8256642-4148331?node=374273011,$1499-$5423,https://images-na.ssl-images-amazon.com/images/I/51aONJNsb+L.jpg,2019-01-16 12:53:48.153678
83,"NIKE Men's Tanjun Sneakers, Breathable Textile Uppers and Comfortable Lightweight Cushioning",https://www.amazon.com/NIKE-Tanjun-Racer-Mens-Style/dp/B008KKGYDO/ref=lp_374273011_1_13/143-8256642-4148331,https://www.amazon.com/NFL-Football-Fans/b/ref=amb_link_2/143-8256642-4148331?node=374273011,$3692-$14997,https://images-na.ssl-images-amazon.com/images/I/41FAQah3fsL.jpg,2019-01-16 12:53:48.153678
84,"Clear Tote Bag NFL Stadium Approved - Shoulder Straps and Zippered Top. Perfect Clear Bag for Work, School, Sports Games and Concerts. Meets NFL and PGA Tournament Guidelines. (12 x 12 x 6 Inches)",https://www.amazon.com/Clear-Tote-Bag-Stadium-Approved/dp/B07BLJL9P1/ref=lp_374273011_1_14/143-8256642-4148331,https://www.amazon.com/NFL-Football-Fans/b/ref=amb_link_2/143-8256642-4148331?node=374273011,$599-$1099,https://images-na.ssl-images-amazon.com/images/I/5155w4BN2tL.jpg,2019-01-16 12:53:48.153678
85,OTS NFL Adult Men's Rival Long Sleeve Tee,https://www.amazon.com/NFL-England-Patriots-Rival-Tee/dp/B073X34RYL/ref=lp_374273011_1_15/143-8256642-4148331,https://www.amazon.com/NFL-Football-Fans/b/ref=amb_link_2/143-8256642-4148331?node=374273011,$1280-$3000,https://images-na.ssl-images-amazon.com/images/I/41sk7cbzdLL.jpg,2019-01-16 12:53:48.153678
86,"NFL Team Decal, 3-Pack",https://www.amazon.com/Philadelphia-Eagles-Team-Decal-3-Pack/dp/B011TQXQGI/ref=lp_374273011_1_16/143-8256642-4148331,https://www.amazon.com/NFL-Football-Fans/b/ref=amb_link_2/143-8256642-4148331?node=374273011,$099-$2831,https://images-na.ssl-images-amazon.com/images/I/51EGtgx-HrL.jpg,2019-01-16 12:53:48.153678
87,"Thermos Stainless King 40 Ounce Beverage Bottle, Stainless Steel",https://www.amazon.com/Thermos-Stainless-Ounce-Beverage-Bottle/dp/B01DZQT3IU/ref=lp_374273011_1_17/143-8256642-4148331,https://www.amazon.com/NFL-Football-Fans/b/ref=amb_link_2/143-8256642-4148331?node=374273011,$2299,https://images-na.ssl-images-amazon.com/images/I/31yyOeQ-XtL.jpg,2019-01-16 12:53:48.153678
88,"The Northwest Company Officially Licensed NFL 12th Man Plush Raschel Throw Blanket, 60"" x 80""",https://www.amazon.com/Northwest-Company-Officially-Licensed-Patriots/dp/B00KW4VXQO/ref=lp_374273011_1_18/143-8256642-4148331,https://www.amazon.com/NFL-Football-Fans/b/ref=amb_link_2/143-8256642-4148331?node=374273011,$3313-$5995,https://images-na.ssl-images-amazon.com/images/I/41L3IIxOT2L.jpg,2019-01-16 12:53:48.153678
89,"The Northwest Company Officially Licensed NFL Singular Fleece Throw Blanket, 50"" x 60""",https://www.amazon.com/Northwest-Company-Seattle-Seahawks-Singular/dp/B01H42N1NO/ref=lp_374273011_1_19/143-8256642-4148331,https://www.amazon.com/NFL-Football-Fans/b/ref=amb_link_2/143-8256642-4148331?node=374273011,$1288-$3599,https://images-na.ssl-images-amazon.com/images/I/51WwJS46RXL.jpg,2019-01-16 12:53:48.153678
90,Littlearth NFL Team Dog Bandana,https://www.amazon.com/Kansas-City-Chiefs-Bandanna-Medium/dp/B01IBU7OUY/ref=lp_374273011_1_20/143-8256642-4148331,https://www.amazon.com/NFL-Football-Fans/b/ref=amb_link_2/143-8256642-4148331?node=374273011,$189-$1999,https://images-na.ssl-images-amazon.com/images/I/41SxYDVk4wL.jpg,2019-01-16 12:53:48.153678
91,NFL Men's OTS Slogan Fleece Hoodie Distressed,https://www.amazon.com/OTS-NFL-Fleece-Hoodie-Distressed/dp/B073X384DD/ref=lp_374273011_1_21/143-8256642-4148331,https://www.amazon.com/NFL-Football-Fans/b/ref=amb_link_2/143-8256642-4148331?node=374273011,$2499-$5000,https://images-na.ssl-images-amazon.com/images/I/41KPAeW+nuL.jpg,2019-01-16 12:53:48.153678
92,NFL Los Angeles Rams Bling Chrome License Plate Frame with Glitter Accent,https://www.amazon.com/Dallas-Cowboys-Chrome-License-Glitter/dp/B00J10ROI6/ref=lp_374273011_1_22/143-8256642-4148331,https://www.amazon.com/NFL-Football-Fans/b/ref=amb_link_2/143-8256642-4148331?node=374273011,$1051-$2727,https://images-na.ssl-images-amazon.com/images/I/41fgCZaC-tL.jpg,2019-01-16 12:53:48.153678
93,Franklin Sports NFL Deluxe Youth Uniform Set,https://www.amazon.com/Franklin-Sports-England-Patriots-Uniform/dp/B003L9GRQ8/ref=lp_374273011_1_23/143-8256642-4148331,https://www.amazon.com/NFL-Football-Fans/b/ref=amb_link_2/143-8256642-4148331?node=374273011,$2346-$10467,https://images-na.ssl-images-amazon.com/images/I/51a0Wb1qzFL.jpg,2019-01-16 12:53:48.153678
94,OTS NFL Adult Men's NFL Wilder Center Stretch Fit Hat,https://www.amazon.com/OTS-NFL-Patriots-Wilder-Center/dp/B07194MF4W/ref=lp_374273011_1_24/143-8256642-4148331,https://www.amazon.com/NFL-Football-Fans/b/ref=amb_link_2/143-8256642-4148331?node=374273011,$1652-$2800,https://images-na.ssl-images-amazon.com/images/I/414fF8V2bNL.jpg,2019-01-16 12:53:48.153678
